start	end	text
0	7000	I'm going to show you what we're going to build today so that you get a flavor of what you're going to be able to get to at the end of this tutorial.
7000	8000	Here we go.
8000	30000	By the end of this tutorial you will have what I call an endless survival beat-a-map game.
30000	41000	You play as this pirate and then you will have continuous waves of skeleton enemies that will come and you'll get increasingly more difficult as more and more of them turn up over time.
41000	52000	And while this game may seem quite simple, the key thing here is to enable you to understand the fundamentals such as loading in game art, how to implement collision detection, how to implement movement.
52000	63000	Everything that you learn today will be applicable regardless of what games you're trying to build, whether it's a top-down game, whether it's an isometric game, whether it's an arcade game, because all of the concepts that you learn today will be applicable.
63000	72000	And you will be building this game from scratch, from this starting folder or files, and I will take you from by from all the way from start to finish.
72000	76000	And the goal here is to help you build the muscle memory to be able to build games such as this.
76000	80000	So once you've got your project onto your computer, it's time to get going.
80000	85000	I'm just going to walk you through what's inside the folder so that you know where we're starting off from.
85000	94000	A lot of these files that you see here are just called boilerplate. It's just the basic things that are required for the game to get up and running so that you can play it on your computer in your browser.
94000	101000	There are several things that I would like to call your attention to, and let's just start off with what's inside this public folder.
101000	107000	Now, the public folder is where we will store all of our game assets. And you will see that there are already two folders here.
107000	114000	One is called the pirate, and one is called skeleton. And within it, it already contains all of the assets that you'll be using within your game.
114000	121000	In the animations folder, you have the attack, death, hurt, idle, jump, and walk. And within these are what you call sprite sheets.
121000	128000	A sprite sheet is a combination of all the individual frames such that your character can animate within the game.
128000	133000	So if you look at this death sprite sheet, if you play this in sequence, that you will get an animation.
133000	139000	You can just look at the preview.gif file over here. When it's stitched together, you get a complete animation.
139000	144000	The folders that you have here has all the sprite sheets for the skeleton as well as the pirate character.
144000	149000	So you really have everything that you need to go here and build this game that you see over here.
149000	154000	So the other thing to call attention to is that you will see that you have a dot agents and a dot clock folder.
154000	161000	These two folders contain things called skills. And you will see that the skills that are present already are the phaser and phaser for game death skills.
161000	166000	So in today's tutorial, we'll be building this 2D game using the phaser game engine.
166000	176000	And that's the reason why we have loaded in these phaser skills. It's basically an instruction set as well as a knowledge base that gives your AI superpowers in a related domain.
176000	180000	So in this case, it's going to be an expert in building games using the phaser game engine.
180000	189000	Because the skills are provided for both clock code and any other AI agents, you can use cursor, clock code, open code, Zen code or the codex app.
189000	196000	I highly recommend the codex app because codex app does provide a lot of additional functionality as well as your chat GPD subscription.
196000	201000	For today's tutorial, I'll be using the codex app from open AI in the codex app.
201000	207000	You're going to go to file. I save this as VGD pirate survival beat them up. So I'm going to open this right over here.
207000	214000	And once you've loaded it up, you will see that this is the folder that we're going to be in. You want to be working locally and you want to be in the start branch.
214000	221000	Okay. All right. And in this case, if you know what you're doing, you can go to full access, which means that codex will not prompt you for any permissions.
221000	230000	And it should be fairly safe when you're doing this tutorial. But if you want to be more cautious, you can do author review, which means that codex will only ask you when he thinks that it's doing something more dangerous.
231000	242000	At the time of this tutorial, I would suggest you use 5.5 and you can switch between medium or high. If you have a higher tier of the codex or chat GPD subscription, like pro, you can go to fast, which will make things a lot quicker.
242000	248000	If you have a lower subscription, and you can just use medium, but if you are on a higher tier subscription, you can go ahead using high.
248000	255000	So as you can see, in this case, I'll be using high and fast, feel free to stay on the standard speed in order to proceed.
255000	260000	So the first thing that we're going to do is run this project. This will look like a magic command if you've never used it before.
260000	268000	But let's just go here and do it. If you go over here and click toggle terminal, or you can do command J, this will bring up this little console below over here.
268000	275000	Don't worry about it. All you want to do is you want to do NPM install. Okay. This will just install all the dependencies to run your game.
275000	282000	The next thing you want to do is to run NPM run and death. Okay. And you will see something like this pop up. You will say it's ready.
282000	287000	And then you have something called local and network. What you want to do now is just open this up in your browser.
287000	296000	You can hold on the command button or the control of your windows and then click on this button. And this will now open up the game within this window that you see over here.
296000	301000	Now the problem with this is that while it's great that it shows up over here, it will appear quite small. Okay.
301000	306000	Unless you click on this play button over here. And then now once you're within it, you can do up and down.
306000	312000	You can go to settings, you can mute, and then you can go back to the main menu. And then the other thing that you can do is that you can go through sandbox.
312000	320000	And you will see that this will be what we start with. It's just a very simple square that's walking around that allows you to use the arrow keys to walk around on the screen.
320000	331000	By the end of today's tutorial, you will get from this very simple looking sandbox, which is just a starting point to having this fully flesh complete game that you see over here and that we were discussing at the beginning of the video.
331000	344000	Now one thing that I encourage you to do is because this screen is embedded within your window. And if you're working on a laptop and a small screen like me, what you can do is that instead of just clicking on this here, you can just copy this location.
345000	354000	And then just copy and paste this location onto your browser with you have a much larger screen version of what you see over here, rather than having this collapse within this window over here.
354000	364000	And the reason why you want to do this is that when you're in this screen debug mode, you have this console on the right, which will help you to perform troubleshooting steps in the event that you hit any issues.
364000	373000	So for example, as I'm moving around with this character that you see over here, you will see that the input on the right as well as the location of the pointer is updating in real time.
373000	381000	This is part of today's tutorial. You will see that having debug visualization such as this will help you to troubleshoot if you encounter any errors along the way.
381000	393000	Once you are able to get the stage, you are all set because the game is running your project is loaded up in codex and you have all the files that we discuss over here. So you will be ready to go ahead and begin implementing this game.
393000	405000	So let's get started. So we're going to be in the codex app and you want to make sure that you open up your project folder. In this case, it's VGD Pirate Survival beat them up game beat them up double check that this is the case.
405000	415000	And then you want to be working locally if you clone this one GitHub, you should be on the start branch. Don't worry too much about this because we will not be doing any version control as part of today's tutorial.
415000	425000	If you know about Git, you will know that this is the branch that is the beginning of the project. The first thing that we're going to do is if you recall, we have this nice background art that you see over here.
425000	433000	And I thought that the first thing that we'll like to do is to show you how I actually got hold of this background. And this is the problem that we're going to use today. So I'm going to look through this.
433000	440000	I'm going to take you through this step by step. All right. So the first thing is going to do is that I'm going to ask it to look at all the images that we already have.
440000	448000	And if you recall, we have two folders of animation, sprite sheets, including ones for the pirate across all of the different states that we have.
448000	457000	And then we also have one more for the skeleton character. So what we're saying is that study these assets because this is the style of the game that I'm trying to create.
457000	462000	I want it to create a single level with no scrolling using these two characters.
462000	468000	And I wanted to generate four candidates to make sure that there is sufficient space to walk around both horizontally and vertically.
468000	473000	And there needs to be a limit to the vertical range because this is going to be a backdrop.
473000	478000	Now, one thing I'm going to do here is that you can see that I'm saying I want to generate these for the candidates using image.
478000	485000	And if I click over here, I'm going to use the image generation scale that's built into codex and that piggybacks off your chat GPD subscription.
485000	490000	So this allows you to generate images for your game without needing any additional subscription.
490000	495000	Finally, I'm going to say place these into public assets backgrounds and use parallel sub agents.
495000	501000	All right, so now I'm going to kick this off and I'm going to explain to you what I'm trying to do in the original tutorial related to this project.
501000	508000	I created four different backgrounds before I landed up on the final version that you see over here, which is like on the ship.
508000	515000	I asked the AI to generate four different backgrounds and I got a pirate call for one that's on the docs, one that's on the ship and one that was in the ruins.
515000	522000	The reason for this is that you want to have some room to experiment and to see what suits the style that you want.
522000	527000	If you look over here, codex will look at the two images that you have within your project.
527000	535000	Okay, and let's give it a look at these images. It's going to say, okay, I now understand what the style of game that you're going for, which is really useful.
535000	542000	Okay, if you remember, I said use parallel sub agents, you have seen that these four background agents have spawned.
542000	547000	What's happening here is that you want four different backgrounds rather than doing it sequentially.
547000	553000	You're telling codex just spawn it in parallel so that you get all four backgrounds around the same time.
553000	558000	This is a very powerful tool that you should be making use of when you're using something like codex.
558000	564000	All it takes is just a single line like this and it automatically will spawn all the four parallel threats for you.
564000	568000	As you can see here, these will now start to land and appear within the artifacts.
568000	578000	This is the reason why I encourage people to use the codex app as part of this tutorial because not only does it work on your chat GPD subscription, but you probably already have.
578000	584000	But the overall user interface has gone through a lot of changes that made white coding a lot easier.
584000	591000	We are learning with these four candidates and so codex should be wrapping up pretty soon because we are using the inbuilt image generation.
591000	594000	Codex will actually start this images in a different part of your computer.
594000	600000	So what it's going to do is do this final step that we said over here, which is put it into public assets backgrounds.
600000	605000	It's really created a folder and it's going to put the four backgrounds into this location.
605000	607000	And yeah, just as I said it, it's landed here.
607000	616000	The reason why you want it to be put over here is because our game needs to be able to be self-contained and have access to all of these backgrounds so that we can load it in.
616000	618000	And here he is and it's completely done.
618000	622000	It took about seven minutes to get all of these images and they're all great candidates for us to put into the game.
622000	630000	So now that we have these five images, the next step is teach our game and the AI to load in the backgrounds as well as the two different characters.
630000	636000	So the way that we go about teaching our AI as well as our game to know about these new assets is that we're going to do the following.
636000	646000	Say look at the assets that exists and then assets index dot json that will serve as a canonical index to all available sprites in the game.
646000	651000	This means taking into account single sprite like the backgrounds as well as the spreadsheets used for the animations.
651000	659000	Specifically for the spreadsheets, we need frame size, number of frames, offsets and any other metadata useful for integration into a phase again.
659000	662000	So I'm going to kick this off and explain what we're trying to do.
663000	670000	But effectively, even though we have all of our assets with the different backgrounds that we have in the game, our kind of game still doesn't know about them right right now.
670000	677000	All it has is this blue square moving around in a black screen and it needs to load in these assets.
677000	690000	What we're trying to do here is create something called an index or an asset index and the goal here is to create a single file that will point to all of the different assets that are available for us to integrate into this game.
690000	702000	And the reason why you want to have a single file is so that any time that the AI needs to look up a particular spreadsheet or character or background, it doesn't need to list all the files within the folder anymore.
702000	707000	All you need to do is just check this single file and it will be able to find it immediately.
707000	710000	This will help save on your usage and your tokens.
710000	722000	One reason for having a single file serving as an index is that if you're adding in new animations or backgrounds or sprites, you can tell your AI to update the index file and the game will know where and when to pick things up.
722000	733000	And this is good practice. If you watch any of my other videos, you will know that this is something that I do regardless of any game that I'm building ready to say to the game, whether it's a 3D game, I always have an index Jason file.
733000	739000	And so just jumping back here, he says he has created the index.json, click it over here and you will be able to see the result.
739000	746000	Now let me just walk you through what's been hit over here. So if you look, the index Jason now has a couple of really important things to note.
746000	756000	So it tells you when it was generated, where the assets are stored. And most importantly, now he has this that it has four backgrounds and a lot of information related to what these backgrounds are.
756000	761000	And then the other thing that it has is that he has every single animation that you see over here.
761000	766000	And the best way to show is to you is to actually take up one such as the hurt animation.
766000	770000	Okay, I'm just going to pop this to the side and then keep the index Jason on the left.
770000	778000	So now if we look for hurts, you will see here is telling you that this entire sheet is 1280 by 512. There are five columns and two rows.
778000	787000	There are six frames or one, two, three, four, five, six. And then it has information on the frame rate that you want to run as well as the different endpoints for each of these.
787000	793000	The endpoints are really important for it to be able to play animations such that they're not all jumping around.
793000	799000	You don't really have to go into too much detail about what this is. This is really meant for the AI to be able to understand what assets you have.
799000	807000	Now that we've got all of our assets and we've got this index.json, it is time to move on to the fun part where we actually start to integrate all these assets into a playable game.
808000	818000	So I'm going to use this crumb that you see over here and there are two skills that we're going to make use of included in this project for the now phaser game death is because we're using the phaser game engine.
818000	828000	So this contains a lot of information and knowledge about how to utilize it and phaser for is because it's the latest version of phaser and there's a couple of new things that we want to make use of so that the game runs really well.
828000	836000	And so you can see here we're going to integrate the pirate into game. We will support WSD and arrow keys for movement. We will have Z for attack and it should animate correctly.
836000	844000	And over here what we're going to do is that we're going to say we want to use background to as our chosen background.
844000	852000	And we're just going to kick this off and you can see for my prompt. It doesn't take a lot at this point because it has already enough information about what it needs to do.
852000	859000	Going to be able to just take this very simple prompt and give you something that resembles a working game very quickly.
859000	869000	All right, so you can see here is going to use both the phaser skills right phaser three is driving the implementation and phaser fall will be used to standardize it and make use of some of the newer features.
869000	878000	If you want to look at different skills that you have, you can go into plugins and then onto skills. You will see that codex comes with several inbuilt skills like the image chat, which is the one that we were using.
878000	884000	And because I've included additional skills as part of this project, you have the phaser game there as well as the phaser for one.
884000	891000	All right, well, let's jump back into our game here and you can see that it's looking at what we have in the game already.
891000	898000	And if you recall, the game currently has just a single screen with the blue character moving around. This is called the sandbox scene.
898000	904000	So the AI is not thinking, what should we do now? Should we create a new menu screen? Or should we just replace what's already there?
904000	910000	And it's decided that it's just going to go ahead and replace what the ready that if you wanted it to create a new menu item.
910000	917000	Because of the boilerplate that we already have, you can simply say, I want a new screen and it will do that and retain this sandbox over here.
917000	924000	And then you have it. It's really started to integrate the character into the game. And let's just play around with this WSD works.
924000	931000	All right, so I can move up, left down and I can use the arrow keys as well. If I present, it does the attack. And this is looking great.
931000	938000	It's like already you have something that resembles again. It's done a really good job of making sure that it doesn't step into the water.
938000	943000	But you might notice that if it walks too far to the left, it might end up walking on some of the props over here.
943000	949000	And I'll just show you the reason why you can see that there's this wall bounds that constraints where the character can walk.
949000	957000	And you can see over here, it's correct. But if we walk further to the left, you will notice that it's a little bit too far and we should be making this wall bounds and a bit shorter.
957000	964000	But more on that later, now if you're working products, you will probably notice that sometimes they will launch a separate browser for you.
964000	970000	And this is one of the cool things about using the codex app is that it has something called browser use built in.
970000	979000	As you can see here, it's going to resize the browser and then it's going to look at the files and then it's going to try to take several snapshots of the game as it loads up the browser.
979000	986000	The idea here is that it's trying to do an automated verification about whether it's changes may sense.
986000	991000	In some cases, you will need to say allow over here so that it's allowed to press keys for you.
991000	996000	And you can see automatically pressed the sandbox button so that it could load up the game.
996000	1001000	And this is a really powerful tool and you can see it's looking at what's on the page right now.
1001000	1004000	I'm going to shift this side by side so you can see what's happening.
1004000	1011000	Effectively, what is done is that it took a snapshot and then it pressed a browser key and then now it's trying to take another screenshot again.
1011000	1015000	Okay, so what I'm going to do is that I'm going to steer this a little bit.
1015000	1023000	I'm going to say do not clear or delete any playwright screen so that I can keep track of our progress.
1023000	1027000	Okay, and I'm just going to press enter here and you can see this called steer.
1027000	1029000	Okay, and this is a nice thing about code access.
1029000	1035000	Well, you can either queue this message to happen at the end or you can actually start to steer it.
1035000	1040000	And as you can see here, I managed to steer it so that it doesn't delete the screenshots because I want to keep track of this as we go on through this tutorial.
1040000	1045000	I'll leave every playwright screenshot in place because I managed to steer it and so it didn't lose context where I needed to be.
1045000	1049000	And what I'm going to do now is allow for this chat so that it doesn't keep prompting me.
1049000	1055000	Another thing that you can do is set this to auto review so that you will not keep prompting you whenever any approval for something like this.
1055000	1058000	And only when it looks like it's doing something dangerous.
1058000	1064000	If you jump into the game and allow it to continue its testing over here, you will see that everything is working as we expected it to do.
1064000	1068000	So we are able to walk around, we're able to attack and this is really starting to take shape.
1068000	1075000	So what we're going to do next is that we're going to start to make this game a lot more interesting by integrating the enemy and have a bit of challenge into the game.
1075000	1080000	Unfortunately, I recorded this bit and I accidentally killed the screen recording.
1080000	1084000	So I lost the raw footage, but I'm just going to give an overview of what I did.
1084000	1090000	The next thing that we want to do is to make this game more interesting by adding the skeleton character into the game as an enemy.
1090000	1093000	Now, let's add a skeleton enemy using the skeleton sprite.
1093000	1097000	The enemy is slower than our character, but can attack our character.
1097000	1100000	When it attacks, the hurt animation is to play.
1100000	1107000	There is a knockback of the player in the direction of the hit and the enemy needs to pause a while before continuing to chase the player.
1107000	1109000	And let me explain to you what is going on here.
1109000	1117000	So if you see this final version of the game, when the enemy attacks, you will see that the player gets hit backwards away from the enemy.
1117000	1120000	And the enemy also doesn't give chase straight away. There's a bit of a pause.
1120000	1124000	Now, what I'm trying to demonstrate to you here is that while bike coding can get you very far,
1124000	1130000	sometimes you'll find that it's quite difficult to explain the kind of effect that you're trying to get out for your game.
1130000	1134000	But using terminology such as this, even things like sprite sheets and sprites.
1134000	1140000	And in this case, using something like knockback and also having some sense of how the game viewers should be like,
1140000	1142000	which is having this enemy pausing.
1142000	1148000	These are things that are more important than understanding how to implement it because AI will handle that part for you.
1148000	1157000	So the main thing when you're bike coding games is that you want to be in a position where you can describe it in the best possible way for the AI to be able to go hit and implement it.
1157000	1161000	Let me just show you what the end result was at the end of this stage.
1161000	1166000	So if we jump to the game now, you will see that the skeleton has been integrated correctly.
1166000	1170000	The skeleton can hit the player and there is the knockback as well.
1170000	1175000	And you will see that there is always a brief pause before these skeletons starts chasing again.
1175000	1178000	In the past, if you wanted to implement something like this, it would have taken you quite a while.
1178000	1184000	This just took a single prompt as long as you know the right kind of terms to use to get the effect that you want.
1184000	1190000	Now you will see that there is a problem with this attack while everything looks fine at first glance.
1190000	1191000	There are several things that you will notice.
1191000	1197000	So the first problem that you will notice is that even before the skeleton hits me, I'm really suffering from a damage.
1197000	1198000	And that doesn't look right.
1198000	1204000	Now the other thing is that I don't even need to be in the range of the weapon, but the player is also getting hit.
1204000	1208000	These are bugs that completely break the immersion in front of your game.
1208000	1213000	And that's why it's important to learn how to troubleshoot this using debug.
1213000	1217000	So what I'm going to do right now is I'm going to show you the reason why this is happening in this final game.
1217000	1219000	I'm going to pause the game for a while so you can see on the visual bounds.
1219000	1226000	So this is how the characters are placed within the world based on their 256 by 256 frames.
1226000	1230000	But the main thing that you want to see are the hit boxes and the attack boxes.
1230000	1236000	So the hit boxes just tells you where exactly the weapon needs to hit in order for you to register.
1236000	1238000	And you can see it's not the entire frame.
1238000	1243000	It's just the box and this applies both for the skeleton as well as for the player.
1243000	1246000	The other thing to highlight is that when we're walking, there are no attack boxes.
1246000	1250000	It's only when the skeleton starts swinging that you see the yellow attack box.
1250000	1253000	And only when I start attacking that my orange for that box comes out.
1253000	1257000	This is what makes the game feel a lot better because when all of these are in place correctly,
1258000	1260000	they only register the hit at the right frame.
1260000	1264000	And this makes sure that the game doesn't feel broken as we see over here.
1264000	1269000	Okay, so what we're going to do now is add the debug drawing so that we can start to visualize what's going on.
1269000	1272000	So for us to be able to visualize this, I'm going to use this problem over here.
1272000	1276000	I'm going to say it is worth being able to visualize the visual bounds hit box and the attack boxes,
1276000	1280000	which should be separate elements for each actor, the pirate and the skeleton.
1280000	1282000	Add these debug bound toggles to the right hand panel.
1282000	1284000	So we're going to kick this off.
1284000	1288000	And so what we have here, you can see that the bounds are now showing over here.
1288000	1292000	And if we go into the game, I want to turn on the bounce so that we can actually visualize this.
1292000	1294000	So immediately you can see several problems.
1294000	1299000	So you can see immediately that the hit boxes fall the character as well as skeleton.
1299000	1300000	I'm not accurate.
1300000	1305000	And secondly, the attack boxes off the character and the skeleton are way too big
1305000	1307000	and are already appearing on the first frame.
1307000	1311000	So if I'm using this watch this in the moment the skeleton swings back the weapon,
1311000	1313000	it already registers as a hit.
1313000	1315000	And that's not the feature that we want.
1315000	1322000	OK, so hopefully with these changes, you can understand the value of being able to see these debug bounds in the game.
1322000	1328000	And as you can see here, codex has taken a screenshot of the game just to make sure that the debug balls are showing correctly.
1328000	1332000	OK, so now that we know what are the problems, let's try to fix this.
1332000	1336000	So we're going to fix the first problem where the weapon is showing up all the time.
1336000	1338000	So this is the problem that I'm going to use.
1338000	1344000	I'm going to say looking at the spreadsheets, the extent of the weapon only happens in frame 4 for the pirate and the skeleton.
1344000	1346000	So you can see one, two, three, four.
1346000	1349000	Only at the fourth frame does the weapon actually stick out.
1349000	1352000	Everything else is just like part of the winding up.
1352000	1354000	And this is the same thing for the skeleton as well.
1354000	1355000	And you can see over here.
1355000	1357000	Yep, only in the fourth frame.
1357000	1358000	OK, so we should reflect this.
1358000	1360000	Otherwise the player gets hit even in the windout.
1360000	1365000	Take this opportunity to do the same for the pirate and implement damaging the skeleton in a similar way with kickback.
1365000	1368000	So if you recall, we actually have not implemented attack.
1368000	1370000	So it's very one side of right now.
1370000	1372000	So the player can attack the skeleton at all.
1372000	1378000	So we're going to replicate the functionality that we see with the skeleton attacking the pirate to be able to walk the other way as well.
1378000	1380000	So we're just going to kick this off.
1380000	1390000	And the goal here is so that we'll be able to have a much better hit detection and also the ability for us to hit the skeleton as well.
1390000	1392000	Let's take a look at where it's gotten to right now.
1392000	1395000	I'm going to pass the game for a while and take a look at all these.
1395000	1398000	So you can see that we have all of the attack boxes now.
1398000	1401000	And this time only when it's in frame four,
1401000	1410000	do you see that the yellow and orange attack boxes get highlighted, which means that only when that frame is playing does the hit register.
1410000	1412000	And this is looking a lot better now.
1412000	1416000	So when it's wind up, I still have a chance to run away, but the problem still stands.
1416000	1421000	So in terms of the timing of the frames, it still works, but the hit boxes are still not right.
1421000	1424000	And the attack boxes are still not right in terms of size.
1424000	1431000	So now let's fix the sizing of this hit boxes so that we at least have a chance to run away from the enemy.
1431000	1434000	Otherwise, it makes it a lot difficult.
1434000	1443000	So just to show you the power of the browser use over here is taking a screenshot just as the attack is coming up just to show that is indeed only highlighted at the correct frame.
1443000	1446000	And that's how it verifies that it's working correctly.
1446000	1449000	So what I'm going to do now is I'm going to fix the bounds issue.
1449000	1455000	So with the bounds, I noticed that both the attack bounds are low and large in height given the weapons thinness.
1455000	1460000	This should not be so big in height and it should be position higher relative to the bodies.
1460000	1465000	Alright, so now let's kick this off so that we can end up with a situation where this gets fixed correctly.
1465000	1467000	So let me just show you the hit boxes here.
1467000	1470000	So you can see the attack boxes are a lot smaller.
1470000	1475000	The position correctly relative to the character as well as the skeleton.
1475000	1480000	So this gives you a chance to evade the attack rather than what we see over here where the hit box is just way too big.
1480000	1485000	Alright, so you can see it says here that it's going to tighten the attack boxes to match the stick shape better.
1485000	1488000	And then we'll see whether or not this gets it right.
1488000	1490000	Sometimes you might get things wrong.
1490000	1492000	So let's just take a look at how things are right now.
1492000	1495000	So let's just turn it up and I'm going to pause it.
1495000	1499000	But you can see while it's gotten the thinness correct, it's still a little bit too high.
1499000	1503000	So we can pause it and take a screenshot.
1503000	1507000	Okay, and then I wonder whether it's going to be able to figure things out on its own.
1507000	1515000	But while it's running this, we can jumpstart and paste the screenshot here and say the thinness of the attack is correct.
1515000	1522000	But they are still too high relative to the body of the characters.
1522000	1528000	And you can press escape to interrupt in the current processing rather than scaring it.
1528000	1532000	You saw the steer button just now, which you can use to let it continue what it's doing.
1532000	1534000	And then gently steer it towards an outcome.
1534000	1540000	But in this case, I want to get it to fix this correctly now so that it doesn't waste more time.
1540000	1542000	So the attack boxes are a lot lower now.
1542000	1546000	Okay, and this is actually a good size, I think.
1546000	1551000	So you see I can now evade the attack and you can spend more time to tweak this boundary.
1551000	1557000	So what you want to do generally is make the collision bounds for your character a little bit smaller than the enemy.
1557000	1561000	So that it's easier for the player to hit the enemy and harder for the enemy to hit the player.
1561000	1568000	Same thing with the attack bounds, you can make it longer so that the player is likely to hit the enemy more than the enemy is to hit the player.
1568000	1570000	You can continue tweaking this as much as you want.
1570000	1575000	For now, let's move on to the next stage where we're going to start to have a health system.
1575000	1578000	So this is not just going to be an infinite running game where you just slap each other.
1578000	1582000	So what we're going to do now is going to use this so we say let's make a health system.
1582000	1584000	Give them to both the player and the enemies.
1584000	1590000	The enemies health appears as a health bar and the players health appears in the top left corner in the longer bar.
1590000	1595000	And we want this to change color as it depletes or green amber rate and it blinks when it's rate.
1595000	1596000	And the player's health is five.
1596000	1598000	The skeleton health is three hit them.
1598000	1599000	He just won't always.
1599000	1606000	Okay, so we're just going to kick this off and the idea is that you will see something like what we see over here where the health bar is above the enemy.
1606000	1608000	And the player's health is at the top left corner.
1608000	1610000	So it's more evident to the player.
1610000	1614000	And you can see every hit is about one damage.
1614000	1616000	So this works well.
1616000	1618000	And I'm going to let this skeleton hit me a couple of times.
1618000	1624000	And you can see it becomes amber and then it becomes red and blinking when it's only one health left.
1624000	1630000	Okay, and that's the end result that we're looking for because otherwise this game is just an endless battle of the smacking each other silly.
1630000	1633000	So it's now completed the implementation of the health bar and running some checks.
1633000	1635000	So let's do our own track within the game.
1635000	1637000	So you can see I've noted up the game here.
1637000	1643000	And indeed the health bar is showing up above the skeleton and the character also suffers damage as well.
1643000	1646000	You can see this is very close to the end result they were looking for.
1646000	1650000	It's just a slight difference in how the health looks but everything looks correct.
1650000	1657000	It has gone ahead to correctly play the death animation, which is interesting because in my earlier implementation of the game,
1657000	1660000	it didn't automatically implement the death animation for me.
1661000	1665000	In some cases, you will need to prompt the AI to implement the death animation,
1665000	1669000	but in some cases, because it can check things out from the index.json,
1669000	1672000	it will automatically implement the death animation for you.
1672000	1676000	But now what we want to do is that we have to say on death of the enemy,
1676000	1680000	the enemy should stay on the ground for a while before blinking and disappearing after a bit.
1680000	1684000	If the player has death, a game over screen appears allowing me start of back to menu.
1684000	1687000	The game should stop movement animations of any enemies in this case.
1687000	1692000	So that's what we're going to do now and we're just going to have it such that the game just doesn't reach this strange stage
1692000	1695000	where I can still move my character around and start with us down there.
1695000	1698000	There's no sense that the game is making any progress.
1698000	1704000	What you find is that it's really fun getting these new features in and getting animations in and getting things on the screen.
1704000	1707000	But don't forget to close the loop on the game.
1707000	1708000	You need to have a game over condition.
1708000	1711000	And in some cases, you also need a clear win condition as well.
1711000	1714000	So we're going to let the skeleton hit us a couple of times.
1715000	1717000	And hopefully we get a game over screen.
1717000	1720000	So not only a progression, but you need to have challenges as well.
1720000	1721000	There you go, game over.
1721000	1723000	So now there's a progression per round.
1723000	1726000	We want to have an overall sense of progression as we go on with the game.
1726000	1730000	What we're going to do now is you remember in this game is that each time we defeat the enemies,
1730000	1733000	we'll clear that round and then we get a next round where more enemies spawn.
1733000	1738000	And the way that you want to do this is that you want to have waves of enemies.
1738000	1740000	But you also don't want this to be too random.
1740000	1742000	So let me just show you how to go about doing it.
1743000	1746000	So what we're going to do here is that we're going to use this pulling from.
1746000	1749000	We need to have a game loop with some sense of progression.
1749000	1754000	We should only have a bunch of rounds and we should progressively increase the number of spawn enemies per round.
1754000	1757000	Only after all enemies are defeated, that's the round progress.
1757000	1760000	And we should have this progression set up as a configurable parameter.
1760000	1761000	And I explain what this means.
1761000	1767000	But effectively, you want to be able to say, OK, round one has two enemies, round three has five enemies and things like that.
1767000	1771000	And I say here, using Fibonacci increments, don't bother too much about this one now.
1771000	1778000	But you want to have some kind of increment that makes the game more challenging over time rather than just doubling or incrementing by one.
1778000	1781000	So we will keep track of the enemy's skill and time elapsed too.
1781000	1784000	And this gives a timer and a sense of greater progression.
1784000	1788000	We want a progressive fun loop that keeps the player coming back easy to learn progressively harder.
1788000	1794000	So with this prompt, we are going to be able to build a game that has a sense of challenge and progression.
1794000	1797000	On the topic of Fibonacci, this is what you call the Fibonacci sequence.
1797000	1802000	If you come across with whenever I walk in games, whenever you're trying to have some sense of progression,
1802000	1808000	rather than incrementing by one each time, sometimes adding this Fibonacci sequence gives you an automatic sense of progression.
1808000	1814000	So you have one enemy in first round, then you have two enemies, then you have three, then you have five, then you have eight, then you have thirteen, then you have twenty-one.
1814000	1816000	So it becomes a cover as it goes on.
1816000	1822000	It's not the best, but it's useful whenever you need a non-linear sense of progression.
1822000	1825000	If you don't know about Fibonacci, the way it works is that you do a zero one.
1825000	1831000	Zero plus one is one, one plus one is two, one plus two is three, two plus three is five, and that's how the sequence comes about.
1831000	1833000	But don't bother too much about this.
1833000	1838000	This is going to be a big structural change because this is a core game loop, and this is going to take a while longer.
1838000	1842000	Once you reach this point, you're going to be very close to having a complete game.
1842000	1847000	So now let's take a look at whether or not the progression system is running.
1847000	1854000	When you click the set box, oh, you can see round one has begun, and you can see that the information around the round is in the top left corner.
1854000	1860000	And let's just defeat this enemy, and then round one is third, round two has begun, and now there are two enemies.
1860000	1866000	So it's going to be a lot tougher now, and at least able to evade the skeleton.
1866000	1868000	And let's try this, so you can see these two.
1868000	1869000	So now you're going to have three.
1869000	1872000	It's going to get more and more difficult as things go on.
1872000	1873000	But here you are.
1873000	1875000	You're going to have a complete game right now, right?
1875000	1880000	You have a sense of progression, you have a challenge, you have enemies, you have an integrated artwork, you have a timer.
1880000	1881000	This is looking really good.
1881000	1888000	So if you've managed to reach to this stage, give yourself a pat on the back because this is further than most people would have gotten.
1888000	1893000	Because they usually reach a stage where they have a couple of things running on screen, but there's no close loop.
1893000	1898000	And there's just no sense that this is a complete game closing the loop is the most important thing when you're building a game.
1898000	1900000	Now once you've reached to this stage, you're going to hit the problem.
1900000	1905000	And if you start right now, you will see that it doesn't clean up the game properly.
1905000	1911000	So you can get stuck here, you have us down, none of the enemies move, and it's really really late.
1911000	1914000	So what you want to do is fix the bug up right now.
1914000	1915000	So you can just say there's a bug.
1915000	1917000	Pressing restart does not restart the state.
1917000	1918000	No enemies are spawned.
1918000	1919000	Play half is zero.
1919000	1925000	In fact, in this case, enemies from previous session are left behind.
1925000	1927000	So now we're going to press OK.
1927000	1932000	And what we're going to do is press steer this time because we want it to continue off where it left off.
1932000	1933000	So it's fixed.
1933000	1939000	All of these things related to having a progression, but if your restart is not working, then that is a bug.
1939000	1946000	So steer is like a way for it to continue from where it was at to then implement the fix that you're talking about.
1946000	1950000	Press previously, if you remember, I press escape, that was just to interrupt it.
1950000	1955000	And that was because I knew for a fact that I wanted it to stop whenever it was doing so that it can fix the bug.
1955000	1959000	So steering your conversation is just another way for you to be able to get to the stage.
1959000	1963000	This is a very common issue whenever you're working with phaser scenes.
1963000	1970000	In 90% of the games that I work with, the restart always encounters issue because there's so much stuff going on within a game session.
1970000	1976000	That restarting, we're needing it to clean up things and put back your health, all of these things tend to get missed.
1976000	1978000	So don't be surprised if you encounter it.
1978000	1979000	And this is the way that you fix it.
1979000	1984000	Just tell the AI that it needs to clean up and restart the state and to clear all the entities down on the screen.
1984000	1992000	So you say is that it's found the root cause is going to fix up what's going on over here because it's reusing some existing state.
1992000	1997000	So what it's going to do is that it's going to do a proper cleanup whenever the game is to restart.
1997000	2000000	And now they restart bugs should be fixed.
2000000	2004000	So let's just take a look and get myself beaten up by the skeleton over here.
2004000	2005000	And there we go.
2005000	2006000	And now I want to restart.
2006000	2008000	But now we have things running correctly.
2008000	2014000	This means that we now have a complete loop and we're able to restart the game when we hit the game over conditions.
2014000	2015000	Okay.
2015000	2016000	So let's with it.
2016000	2017000	Oh, there we go.
2017000	2018000	And this gives a lot harder now.
2018000	2021000	But now we can restart and everything.
2021000	2025000	So now what we have right here is pretty much a complete game.
2025000	2029000	But one of the things to notice that there's something that's missing, right?
2029000	2033000	The missing thing here is that there's no sound and there's no music.
2033000	2037000	Remember when I told you that when you're building a game, try to focus on making it complete.
2037000	2040000	No game is complete if there's no sound and music.
2040000	2045000	Let me show you a trick to get all of the sound and music into your game
2045000	2050000	without you having to spend too much time looking and searching around for sound effects.
2050000	2054000	So for us to be able to leverage sounds within this game, we use something called 11 labs.
2054000	2057000	And what we're going to do is install the 11 lab skill.
2057000	2061000	The 11 lab skill basically allows you to generate sound effects, music,
2061000	2063000	and many other things using AI.
2063000	2068000	And the skills allows you to effectively just do everything within your command line or within codex.
2068000	2071000	And the only thing that you need is a 11 labs API key.
2071000	2073000	So this is my 11 labs website.
2073000	2077000	If you go over to the bottom left corner and go to developers and they go to API keys.
2078000	2080000	You can actually create a key over here.
2080000	2082000	And then you can just call it whatever you want.
2082000	2085000	All right, I'm going to call this a pirate meat up.
2085000	2089000	And what you want to do is have sound effects and music narration.
2089000	2091000	Only thing you really need.
2091000	2093000	Everything else you can just leave alone.
2093000	2094000	You want to copy this key.
2094000	2098000	And then what you want to do is you want to go into this folder.
2098000	2100000	Create in dot e and v file.
2100000	2102000	This is called an environment variable file.
2103000	2107000	But you want to call it 11 labs API key equals to your key here.
2107000	2109000	I'm going to do 11 labs API key.
2109000	2113000	And then I'm going to copy the key and pop it.
2113000	2118000	Okay, so this is the main thing and this allows you to utilize your 11 labs account
2118000	2120000	and regenerate the sounds that you need.
2120000	2121000	So that's the API key.
2121000	2123000	So the next thing that you want to do is install the skills.
2123000	2126000	So just copy this command that you have over here.
2126000	2131000	And what you want to do is open up the terminal within your project and paste it in here.
2131000	2132000	Just put on instructions over here.
2132000	2134000	If you install your packages, say yes.
2134000	2135000	Okay.
2135000	2138000	And what it's going to say is that it found eight skills for 11 labs.
2138000	2139000	What do you need?
2139000	2140000	We just want music.
2140000	2142000	So press space and sound effects.
2142000	2143000	Just press enter.
2143000	2146000	You will already work with codex and cursor and all this stuff.
2146000	2149000	And usually it will default to having clock as well.
2149000	2153000	So you just press enter here and then do installation scope to product.
2153000	2155000	And then you can do sinling recommended.
2155000	2160000	And what this means is that rather than having copies of the skills for clock code and the others.
2161000	2163000	It will just link both of them together.
2163000	2165000	Just click OK and then proceed with the installation.
2165000	2170000	If you look into your project, you will see that you have a music skill and the sound effect skill.
2170000	2172000	This will also work for cloud music and sound effects.
2172000	2177000	If you do dollar sign and then you do music, you will see that it's pulled it in already.
2177000	2180000	And you can do dollar sign sound effects.
2180000	2185000	So what you want to do now is use this problem that we have over here.
2185000	2188000	And it's based on the vibes of our game.
2188000	2191000	Let's generate bgm or game that matches the theme of pirates on a ship.
2191000	2193000	I guess in this case, it's on a beach.
2193000	2194000	So we can change that.
2194000	2200000	We're going to use the music skill also add in sound effects across the board using the sound effects skill.
2200000	2201000	So I'm going to sound effects.
2201000	2206000	This should be placed in public assets bgm and public SS sfx with assets.
2206000	2207000	Fuggets are updated.
2207000	2210000	Actually, this should be assets index.
2210000	2213000	Fuggets not data for music have four candidates switchable within the debug panel.
2213000	2215000	So this is just to give you some variation.
2215000	2216000	So you can pick.
2216000	2218000	I'm going to kick this off right now.
2218000	2221000	And this, my friends, is like a protein.
2221000	2223000	If you need music and sound effects, we are game.
2223000	2227000	This is not perfect, but it will get you quite far along the way.
2227000	2228000	What you see here.
2228000	2230000	And I'm going to turn on the music for you now.
2230000	2236000	Everything that you see in this game has been generated using the exact process using that single trapped.
2236000	2249000	What you saw that was the exact same prompt that I used for that game.
2249000	2253000	And it basically just put in the background music for me and all the sound effects.
2253000	2255000	And I didn't have to do anything more.
2255000	2257000	So let's just see what happens over here.
2257000	2261000	And you will see that sometimes it can't find the 11 lapsed API P.
2261000	2264000	So he says it's going to check the reposed local dot EMP path.
2264000	2269000	That's exactly why we went ahead and put this in the dot EMP file.
2269000	2271000	So remember that there needs to be a dot in front of it.
2271000	2274000	And then it needs to be named exactly this dot EMP.
2274000	2279000	This is just a convention for the system that we're using for loading environment keys.
2279000	2283000	And when you do this, remember never, ever to share your keys.
2283000	2288000	Because if you this key get leaked, somebody can use your account to generate their sounds.
2288000	2289000	And it will deplete your credits.
2289000	2290000	Do not share this.
2290000	2293000	I'm showing it here because I'm going to delete this key once this tutorial is completed.
2294000	2297000	Whatever you have in this dot EMP file, you should never ever.
2297000	2301000	If you're using git, make sure that your getting all has the dot EMP.
2301000	2305000	So that this does not get sent into your repository as well.
2305000	2306000	All right.
2306000	2307000	So this is done now.
2307000	2312000	It's gotten all of the four different tracks as well as the sound effects for attack,
2312000	2314000	hurt, death, enemy spawn and all the other stuff.
2314000	2316000	So let's just check it out.
2316000	2319000	Just make sure to go into your settings to make sure new dissolve.
2319000	2321000	And let's just see what turns out.
2323000	2346000	All right, so there you have it.
2346000	2348000	That's the music and the sound effects are already integrated.
2348000	2350000	There's some things that you probably want to tweak.
2350000	2354000	But this gets you very far along the way and it makes the game feel a lot more complete.
2354000	2358000	I want to finish off this tutorial by adding some level of polish.
2358000	2360000	If you look at the game that we have over here in this version,
2360000	2365000	you can see there's a little bit of what I like to call juice that makes the game feel more alive.
2365000	2368000	So you can see there's the flashing.
2368000	2370000	There's the screen shake.
2370000	2373000	And it makes the game feel easier.
2373000	2378000	One of the key things here is that when there's a contact mate between the player and the skeleton,
2378000	2383000	the game freezes for a very short period of time and that makes the impact seem a lot more.
2383000	2386000	I'm going to just continue this conversation that we have over here.
2386000	2395000	And I'm going to say at debug purgles for for muting sound and BGM in the debug panel.
2395000	2400000	And so I'm just going to let this continue and implement that because it doesn't have anything else to do with the game.
2400000	2404000	But let's now finally move on to adding the polish that we want.
2404000	2407000	Now you can see it's already added the shadows underneath the actor.
2407000	2409000	So that's great. So we don't need that.
2409000	2412000	But what we're going to do is that we're going to say we're going to have a noise-based screen shake.
2412000	2414000	So we don't want to have a random screen shake.
2414000	2417000	A noise-based screen shake just makes things feel a lot smoother.
2417000	2420000	Minor and enemy heat, but it shakes more when there's a death.
2420000	2425000	We want to have freeze time for the enemy hits less when it's just a regular hit and more on death.
2425000	2430000	And then a white flash when the player gets hurt with a cooldown for invulnerability.
2430000	2432000	And then I want it to have some perfectly effects.
2432000	2436000	And that's all you need to do to make the game feel a little bit more polished.
2436000	2440000	So here we are. And you can see that the game has already implemented the muting.
2440000	2445000	And that allows me to not have this playing while I'm talking over the video as well.
2445000	2448000	Okay. So now you can see compared to what we saw earlier.
2448000	2450000	There's just no screen shake. There's no flashing.
2450000	2453000	So ultimately the game still feels a little bit flat.
2453000	2457000	And these little bits of juice will have to make your game feel a lot more complete.
2457000	2460000	So the polish is completed. So you can see there's just a bit of screen shake.
2460000	2467000	And when the skeleton actually gets killed, you can see that the screen shake goes to become a lot more evident.
2467000	2470000	Okay. And if you actually look very closely, I'm going to just make this a bit bigger.
2470000	2476000	So you can see that there's particular effects now when we hit the skeleton and you saw that.
2476000	2479000	It feels a lot more impactful, right?
2479000	2485000	So this are the things that you want to do in order to polish up your game just to make the game feel a lot better.
2485000	2495000	And we can just turn on the music again. I'm going to switch it to this movie.
2495000	2518000	And so there you have it. We have completed this entire game from start to finish.
2518000	2521000	So what started out as a blue square walking around on a black screen.
2521000	2530000	We have now come all the way to this fully integrated game with sound effects with music with particle effects and with all the different levels of polish.
2530000	2534000	It has a full progression loop. It has increasing difficulty of challenges.
2534000	2538000	And all this was done if you recall without writing a single line of code.
2538000	2541000	We was all prompted within the codex application.
2541000	2546000	So I really hope you enjoyed today's tutorial. Don't forget to give it a like and also hit that follow button.
2546000	2549000	So that you always be the first to know when you content back disrupts.
2549000	2551000	So till next time, I'll see you.
